BRAND,STATE,TALUKA,DISTRICT,COUNTER_CODE,LAT,LONG,COUNTER_POTENTIAL
SHREE,Delhi,ALIPUR,DELHI,231905,28.697026,77.188653,800
SHREE,Delhi,ALIPUR,DELHI,804845,28.740567,77.197827,800
SHREE,Delhi,ALIPUR,DELHI,779636,28.702268,77.0598642,250
SHREE,Delhi,ALIPUR,DELHI,845000,28.730799,77.163785,300
BANGUR,Delhi,ALIPUR,DELHI,873226,28.68172,77.154218,225
ROCKSTRONG,Delhi,ALIPUR,DELHI,898108,28.83324793,77.17914195,100
ROCKSTRONG,Delhi,CIVIL LINES,DELHI,311658,28.772042,77.173301,250
SHREE,Delhi,CIVIL LINES,DELHI,1569,28.60997,77.07485,250
SHREE,Delhi,CIVIL LINES,DELHI,826767,28.663109,77.181505,800
SHREE,Delhi,CIVIL LINES,DELHI,86158,28.821809,77.169878,700
SHREE,Delhi,CIVIL LINES,DELHI,857224,28.724162,77.222051,450
SHREE,Delhi,CIVIL LINES,DELHI,899761,28.71558,77.21619,100
BANGUR,Delhi,CIVIL LINES,DELHI,906522,28.68089,77.135356,3000
SHREE,Delhi,DEFENCE COLONY,DELHI,867303,28.5820837,77.2511732,1500
SHREE,Delhi,DELHI CONTONMENT,DELHI,850444,28.60776864,77.06857813,150
SHREE,Delhi,DELHI CONTONMENT,DELHI,856040,28.612971,77.315315,1000
SHREE,Delhi,DELHI CONTONMENT,DELHI,633844,28.594382,77.047718,700
BANGUR,Delhi,DELHI CONTONMENT,DELHI,849594,28.591146,77.088965,150
BANGUR,Delhi,DWARKA,DELHI,300740,28.615205,77.056764,1200
BANGUR,Delhi,DWARKA,DELHI,838903,28.611778,77.3022168,3000
BANGUR,Delhi,DWARKA,DELHI,889010,28.58401922,77.05697318,300
BANGUR,Delhi,DWARKA,DELHI,9336,28.617801,77.061141,1000
BANGUR,Delhi,DWARKA,DELHI,845770,28.57328,77.076461,3000
BANGUR,Delhi,DWARKA,DELHI,857084,28.605044,77.102996,200
BANGUR,Delhi,DWARKA,DELHI,887739,28.627177,77.061228,2500
BANGUR,Delhi,DWARKA,DELHI,263836,28.576847,77.02742,400
BANGUR,Delhi,DWARKA,DELHI,626739,28.320587,77.049979,150
BANGUR,Delhi,DWARKA,DELHI,752884,28.65486,77.03975,350
BANGUR,Delhi,DWARKA,DELHI,845559,28.618835,77.061776,150
BANGUR,Delhi,DWARKA,DELHI,875773,28.723278,77.075042,100
BANGUR,Delhi,DWARKA,DELHI,858915,28.638886,77.032609,1500
BANGUR,Delhi,DWARKA,DELHI,847062,28.618228,77.062324,200
BANGUR,Delhi,DWARKA,DELHI,813317,28.615205,77.056764,1200
BANGUR,Delhi,DWARKA,DELHI,813594,28.617801,77.061141,1000
BANGUR,Delhi,DWARKA,DELHI,819889,28.627317,77.056536,200
BANGUR,Delhi,DWARKA,DELHI,811209,28.576847,77.02742,400
BANGUR,Delhi,DWARKA,DELHI,860873,28.320587,77.049979,150
BANGUR,Delhi,DWARKA,DELHI,812863,28.65486,77.03975,350
BANGUR,Delhi,DWARKA,DELHI,875780,28.723278,77.075042,100
SHREE,Delhi,DWARKA,DELHI,1195,28.611778,77.3022168,3000
SHREE,Delhi,DWARKA,DELHI,848730,28.556038,77.960121,100
SHREE,Delhi,DWARKA,DELHI,238504,28.60307,77.10542,400
SHREE,Delhi,DWARKA,DELHI,801865,28.640406,76.977226,200
SHREE,Delhi,DWARKA,DELHI,855404,28.744031,77.145695,700
SHREE,Delhi,DWARKA,DELHI,861427,28.62973,77.03208,250
SHREE,Delhi,DWARKA,DELHI,863755,28.57571283,77.08412678,4800
SHREE,Delhi,DWARKA,DELHI,764457,28.604951,76.972001,250
SHREE,Delhi,DWARKA,DELHI,847294,28.4968484,77.1852137,150
SHREE,Delhi,DWARKA,DELHI,61360,28.60093,77.03253,4000
SHREE,Delhi,DWARKA,DELHI,860923,28.602993,77.105469,900
SHREE,Delhi,DWARKA,DELHI,706087,28.61009,77.01854,350
SHREE,Delhi,DWARKA,DELHI,810161,28.597931,77.092921,600
SHREE,Delhi,DWARKA,DELHI,2006,28.58342,77.875383,250
SHREE,Delhi,DWARKA,DELHI,31139,28.584988,77.058578,250
SHREE,Delhi,DWARKA,DELHI,1514,28.596486,77.027618,600
SHREE,Delhi,DWARKA,DELHI,861898,28.65486,77.03975,300
SHREE,Delhi,DWARKA,DELHI,854990,28.639791,77.03899,300
SHREE,Delhi,DWARKA,DELHI,692081,28.570851,77.079593,100
SHREE,Delhi,DWARKA,DELHI,1992,28.546259,77.09757,1000
SHREE,Delhi,DWARKA,DELHI,846875,28.649156,77.051467,50
SHREE,Delhi,DWARKA,DELHI,873043,28.6645099,77.0588574,200
SHREE,Delhi,DWARKA,DELHI,292864,28.687294,77.114908,1000
SHREE,Delhi,DWARKA,DELHI,771570,28.636351,77.071186,150
SHREE,Delhi,DWARKA,DELHI,850439,28.627177,77.061228,2500
SHREE,Delhi,DWARKA,DELHI,902539,28.698951,77.191452,250
SHREE,Delhi,DWARKA,DELHI,150523,28.659369,77.126356,1200
SHREE,Delhi,DWARKA,DELHI,886656,28.63805,77.051342,150
SHREE,Delhi,DWARKA,DELHI,699180,28.661599,77.118475,250
SHREE,Delhi,DWARKA,DELHI,830511,28.678649,77.134591,1600
SHREE,Delhi,DWARKA,DELHI,1326,28.612881,77.110163,1100
SHREE,Delhi,DWARKA,DELHI,328345,28.699619,77.051686,1500
SHREE,Delhi,DWARKA,DELHI,111338,28.618384,77.024118,1000
SHREE,Delhi,DWARKA,DELHI,830850,28.616664,76.983388,250
ROCKSTRONG,Delhi,DWARKA,DELHI,310408,28.6099609,77.03176541,100
ROCKSTRONG,Delhi,DWARKA,DELHI,862655,28.69605,77.150441,1000
ROCKSTRONG,Delhi,DWARKA,DELHI,853354,28.57571283,77.08412678,4800
ROCKSTRONG,Delhi,DWARKA,DELHI,860071,28.576635,77.078534,100
ROCKSTRONG,Delhi,DWARKA,DELHI,753885,28.6092,77.010615,500
ROCKSTRONG,Delhi,DWARKA,DELHI,874249,28.667041,77.066762,100
ROCKSTRONG,Delhi,DWARKA,DELHI,74876,28.60318,77.06024,150
ROCKSTRONG,Delhi,DWARKA,DELHI,829935,28.674479,77.079131,200
ROCKSTRONG,Delhi,DWARKA,DELHI,479338,28.638886,77.032609,1500
ROCKSTRONG,Delhi,HAUZ KHAS,DELHI,654855,28.5476532,77.2147921,15
SHREE,Delhi,HAUZ KHAS,DELHI,683148,28.561081,77.209865,250
SHREE,Delhi,HAUZ KHAS,DELHI,781832,28.4605055,77.1492275,200
SHREE,Delhi,KARAWAL NAGAR,DELHI,853421,28.7248265,77.2801284,500
SHREE,Delhi,KARAWAL NAGAR,DELHI,276041,28.70835,77.26243,100
SHREE,Delhi,KARAWAL NAGAR,DELHI,291054,28.7045039,77.2691546,750
SHREE,Delhi,KARAWAL NAGAR,DELHI,884826,28.621147,77.306527,250
SHREE,Delhi,KARAWAL NAGAR,DELHI,806367,28.738636,77.253748,500
BANGUR,Delhi,KARAWAL NAGAR,DELHI,9371,28.70467,77.27492,200
BANGUR,Delhi,KARAWAL NAGAR,DELHI,848427,28.72088,77.26504,100
BANGUR,Delhi,KAROL BAGH,DELHI,838945,28.695255,77.10076,445
BANGUR,Delhi,KAROL BAGH,DELHI,875418,28.702746,77.122908,500
BANGUR,Delhi,KAROL BAGH,DELHI,843932,28.745291,77.097864,391
BANGUR,Delhi,KAROL BAGH,DELHI,867831,28.698018,77.130874,150
BANGUR,Delhi,KAROL BAGH,DELHI,686293,28.64164,77.23551,800
BANGUR,Delhi,KAROL BAGH,DELHI,851688,28.656943,77.222766,138
BANGUR,Delhi,KAROL BAGH,DELHI,906521,28.702744,77.122885,1500
ROCKSTRONG,Delhi,KAROL BAGH,DELHI,276401,28.824814,77.172236,300
ROCKSTRONG,Delhi,KAROL BAGH,DELHI,759160,28.67775097,77.13489155,100
SHREE,Delhi,KAROL BAGH,DELHI,78418,28.769301,77.177593,350
SHREE,Delhi,KAROL BAGH,DELHI,896612,28.762323,77.186461,200
SHREE,Delhi,KAROL BAGH,DELHI,786162,28.65473095,77.13646344,95
SHREE,Delhi,KAROL BAGH,DELHI,288186,28.707853,77.224711,300
SHREE,Delhi,KAROL BAGH,DELHI,1422,28.745622,77.202113,950
SHREE,Delhi,KAROL BAGH,DELHI,1718,28.682809,77.197828,50
SHREE,Delhi,KAROL BAGH,DELHI,898902,28.756729,77.139252,550
SHREE,Delhi,KAROL BAGH,DELHI,849182,28.696052,77.1504417,150
SHREE,Delhi,KAROL BAGH,DELHI,753902,28.774739,77.191221,700
SHREE,Delhi,KOTWALI,DELHI,849184,28.673763,77.18441686,300
SHREE,Delhi,KOTWALI,DELHI,311563,28.60093,77.03253,300
SHREE,Delhi,KOTWALI,DELHI,886545,28.756729,77.139252,550
SHREE,Delhi,KOTWALI,DELHI,905336,28.762323,77.186461,200
SHREE,Delhi,KOTWALI,DELHI,302176,28.6685583,77.1491277,1250
ROCKSTRONG,Delhi,KOTWALI,DELHI,882822,28.6908349,77.1530101,2000
ROCKSTRONG,Delhi,KOTWALI,DELHI,293568,28.7247937,77.0624,2000
ROCKSTRONG,Delhi,MAYUR VIHAR,DELHI,777774,28.6143704,77.33002684,100
ROCKSTRONG,Delhi,MAYUR VIHAR,DELHI,845605,28.63806861,77.32050559,250
ROCKSTRONG,Delhi,MAYUR VIHAR,DELHI,775743,28.69462,77.301476,6000
ROCKSTRONG,Delhi,MAYUR VIHAR,DELHI,846208,28.6349467,77.3101583,300
ROCKSTRONG,Delhi,MAYUR VIHAR,DELHI,877489,28.624675,77.285679,4000
SHREE,Delhi,MAYUR VIHAR,DELHI,773692,28.69462,77.301476,6000
SHREE,Delhi,MAYUR VIHAR,DELHI,1807,28.6599952,77.2729823,1000
SHREE,Delhi,MAYUR VIHAR,DELHI,845140,28.667127,77.308739,3500
SHREE,Delhi,MAYUR VIHAR,DELHI,881367,28.67057215,77.28474568,400
SHREE,Delhi,MAYUR VIHAR,DELHI,898801,28.6094073,77.3365703,350
SHREE,Delhi,MAYUR VIHAR,DELHI,815937,28.6678,77.372357,150
SHREE,Delhi,MAYUR VIHAR,DELHI,624599,28.591004,77.037114,50
SHREE,Delhi,MAYUR VIHAR,DELHI,798867,28.69015125,77.33557918,2500
SHREE,Delhi,MAYUR VIHAR,DELHI,759325,28.594836,77.312136,200
SHREE,Delhi,MAYUR VIHAR,DELHI,874902,28.611778,77.3022168,1000
SHREE,Delhi,MAYUR VIHAR,DELHI,871083,28.70339,77.26214,500
SHREE,Delhi,MAYUR VIHAR,DELHI,888068,28.685187,77.291841,150
SHREE,Delhi,MAYUR VIHAR,DELHI,769641,28.67003,77.29928,700
SHREE,Delhi,MAYUR VIHAR,DELHI,777043,28.624675,77.285679,4000
SHREE,Delhi,MAYUR VIHAR,DELHI,690161,28.664252,77.283241,4500
SHREE,Delhi,MAYUR VIHAR,DELHI,759065,28.6317697,77.2954458,500
SHREE,Delhi,MAYUR VIHAR,DELHI,97317,28.6210635,77.3065395,1000
SHREE,Delhi,MAYUR VIHAR,DELHI,888669,28.661916,77.286989,7000
SHREE,Delhi,MAYUR VIHAR,DELHI,846145,28.646761,77.296021,600
SHREE,Delhi,MAYUR VIHAR,DELHI,1831,28.681691,77.329604,1000
BANGUR,Delhi,MAYUR VIHAR,DELHI,853599,28.592689,77.309043,150
BANGUR,Delhi,MAYUR VIHAR,DELHI,883417,28.6127994,77.3123079,100
BANGUR,Delhi,MAYUR VIHAR,DELHI,877146,28.6131804,77.3294133,40
BANGUR,Delhi,MAYUR VIHAR,DELHI,902534,28.625846,77.297688,60
BANGUR,Delhi,MAYUR VIHAR,DELHI,786002,28.702634,77.12172,50
BANGUR,Delhi,MEHRAULI,DELHI,806945,28.510495,77.177388,2500
BANGUR,Delhi,MEHRAULI,DELHI,875304,28.566871,77.169588,100
ROCKSTRONG,Delhi,MEHRAULI,DELHI,811676,28.51044639,77.17752085,2500
ROCKSTRONG,Delhi,MEHRAULI,DELHI,786786,28.4587575,77.1793262,5000
SHREE,Delhi,MEHRAULI,DELHI,835138,28.4871112,77.18574,200
SHREE,Delhi,MEHRAULI,DELHI,699178,28.5846523,77.1659373,200
SHREE,Delhi,MEHRAULI,DELHI,879359,28.560589,77.1981184,200
SHREE,Delhi,MEHRAULI,DELHI,846756,28.495851,77.137867,100
SHREE,Delhi,MEHRAULI,DELHI,891655,28.4968484,77.1852137,100
SHREE,Delhi,MEHRAULI,DELHI,1515,28.70952,77.221165,50
SHREE,Delhi,MEHRAULI,DELHI,895316,28.439105,77.177257,100
SHREE,Delhi,MEHRAULI,DELHI,1238,28.49742,77.1456573,150
SHREE,Delhi,MEHRAULI,DELHI,312184,28.506646,77.185163,200
SHREE,Delhi,MEHRAULI,DELHI,175346,28.5175147,77.1783213,4000
SHREE,Delhi,MEHRAULI,DELHI,750954,28.4951011,77.1621422,150
SHREE,Delhi,MEHRAULI,DELHI,1921,28.4587575,77.1793262,5000
SHREE,Delhi,MODEL TOWN,DELHI,218018,28.721271,77.175822,85
SHREE,Delhi,MODEL TOWN,DELHI,863513,28.632267,77.148752,130
SHREE,Delhi,MODEL TOWN,DELHI,312641,28.65404,77.16286,200
SHREE,Delhi,MODEL TOWN,DELHI,782619,28.711954,77.221744,4200
SHREE,Delhi,MODEL TOWN,DELHI,846376,28.7104897,77.2235247,700
SHREE,Delhi,MODEL TOWN,DELHI,689064,28.65126174,77.13416898,400
ROCKSTRONG,Delhi,MODEL TOWN,DELHI,854926,28.695255,77.10076,500
SHREE,Delhi,NARELA,DELHI,852350,28.767551,77.049909,50
BANGUR,Delhi,NARELA,DELHI,240851,28.772106,77.117869,55
BANGUR,Delhi,PATEL NAGAR,DELHI,906048,28.688424,77.121495,500
BANGUR,Delhi,PATEL NAGAR,DELHI,811306,28.678654,77.134481,200
BANGUR,Delhi,PATEL NAGAR,DELHI,905357,28.688418,77.121475,2000
BANGUR,Delhi,PATEL NAGAR,DELHI,625649,28.681588,77.154355,2025
ROCKSTRONG,Delhi,PATEL NAGAR,DELHI,11806,28.681588,77.154355,2025
ROCKSTRONG,Delhi,PATEL NAGAR,DELHI,291300,28.68764473,77.19350742,100
SHREE,Delhi,PATEL NAGAR,DELHI,309547,28.718568,77.17246,300
SHREE,Delhi,PATEL NAGAR,DELHI,806240,28.671535,77.162481,100
SHREE,Delhi,PATEL NAGAR,DELHI,609710,28.716692,77.092379,2510
SHREE,Delhi,PATEL NAGAR,DELHI,849180,28.709897,77.205049,300
SHREE,Delhi,PATEL NAGAR,DELHI,828728,28.713025,77.06091,2000
SHREE,Delhi,PATEL NAGAR,DELHI,633854,28.70768,77.19106,150
SHREE,Delhi,PATEL NAGAR,DELHI,847588,28.702343,77.205573,400
SHREE,Delhi,PATEL NAGAR,DELHI,868893,28.844,77.089424,1115
SHREE,Delhi,PATEL NAGAR,DELHI,850541,28.655305,77.191709,250
SHREE,Delhi,PATEL NAGAR,DELHI,1594,28.678649,77.134591,3900
SHREE,Delhi,PATEL NAGAR,DELHI,759001,28.7247937,77.0624,1336
SHREE,Delhi,PUNJABI BAGH,DELHI,849733,28.692386,77.148048,400
SHREE,Delhi,PUNJABI BAGH,DELHI,886541,28.779114,77.177505,700
SHREE,Delhi,PUNJABI BAGH,DELHI,308578,28.750116,77.19891,400
SHREE,Delhi,PUNJABI BAGH,DELHI,899756,28.718957,77.17965,200
SHREE,Delhi,PUNJABI BAGH,DELHI,607506,28.7301748,77.2071497,150
SHREE,Delhi,PUNJABI BAGH,DELHI,867305,28.7516611,77.171277,150
SHREE,Delhi,PUNJABI BAGH,DELHI,291716,28.752358,77.169336,200
ROCKSTRONG,Delhi,PUNJABI BAGH,DELHI,726506,28.62945202,77.14998,200
ROCKSTRONG,Delhi,RAJOURI GARDEN,DELHI,774826,28.659369,77.126356,1200
ROCKSTRONG,Delhi,RAJOURI GARDEN,DELHI,286988,28.626835,77.050637,150
SHREE,Delhi,RAJOURI GARDEN,DELHI,1357,28.634272,77.113793,150
SHREE,Delhi,RAJOURI GARDEN,DELHI,759095,28.65116567,77.09391849,350
SHREE,Delhi,RAJOURI GARDEN,DELHI,830847,28.66313,77.093126,350
SHREE,Delhi,RAJOURI GARDEN,DELHI,828383,28.983371,76.999973,200
SHREE,Delhi,RAJOURI GARDEN,DELHI,850440,28.6585862,77.099542,400
SHREE,Delhi,RAJOURI GARDEN,DELHI,901655,28.61917172,77.05790581,100
SHREE,Delhi,RAJOURI GARDEN,DELHI,844756,28.694404,77.101807,250
SHREE,Delhi,RAJOURI GARDEN,DELHI,257949,28.634899,77.096332,4000
SHREE,Delhi,RAJOURI GARDEN,DELHI,208335,28.683555,77.111189,150
SHREE,Delhi,RAJOURI GARDEN,DELHI,2005,28.690456,77.271378,250
SHREE,Delhi,RAJOURI GARDEN,DELHI,699179,28.613545,77.085929,250
SHREE,Delhi,RAJOURI GARDEN,DELHI,905517,28.61352812,77.08571953,200
SHREE,Delhi,RAJOURI GARDEN,DELHI,784655,28.665194,77.07647,2500
SHREE,Delhi,RAJOURI GARDEN,DELHI,844737,28.707906,77.068648,250
SHREE,Delhi,RAJOURI GARDEN,DELHI,1998,28.65886,77.090671,150
SHREE,Delhi,RAJOURI GARDEN,DELHI,308410,28.667541,77.086092,6000
SHREE,Delhi,RAJOURI GARDEN,DELHI,846758,28.631141,77.040284,200
SHREE,Delhi,RAJOURI GARDEN,DELHI,672402,28.624001,77.031216,400
SHREE,Delhi,RAJOURI GARDEN,DELHI,698052,28.618322,77.040024,250
SHREE,Delhi,RAJOURI GARDEN,DELHI,727591,28.648975,77.021876,100
SHREE,Delhi,RAJOURI GARDEN,DELHI,901651,28.617434,77.028902,150
SHREE,Delhi,RAJOURI GARDEN,DELHI,692082,28.643463,77.080169,750
SHREE,Delhi,RAJOURI GARDEN,DELHI,844773,28.6183472,77.0400157,200
SHREE,Delhi,RAJOURI GARDEN,DELHI,868312,28.683997,77.179129,250
BANGUR,Delhi,RAJOURI GARDEN,DELHI,849883,28.666987,77.063747,150
BANGUR,Delhi,RAJOURI GARDEN,DELHI,819891,28.627317,77.056536,200
BANGUR,Delhi,RAJOURI GARDEN,DELHI,825631,28.649658,77.102287,1200
BANGUR,Delhi,RAJOURI GARDEN,DELHI,248923,28.548611,77.095361,350
BANGUR,Delhi,RAJOURI GARDEN,DELHI,258411,28.599377,77.005938,300
BANGUR,Delhi,RAJOURI GARDEN,DELHI,853799,28.643118,77.116322,250
BANGUR,Delhi,RAJOURI GARDEN,DELHI,890211,28.6031485,76.99686463,1000
BANGUR,Delhi,RAJOURI GARDEN,DELHI,865403,28.643463,77.080169,700
BANGUR,Delhi,RAJOURI GARDEN,DELHI,834489,28.649658,77.102287,1050
BANGUR,Delhi,ROHINI,DELHI,272034,28.709278,77.100242,250
BANGUR,Delhi,ROHINI,DELHI,848836,28.68239,77.05934,250
BANGUR,Delhi,ROHINI,DELHI,826295,28.811502,77.071076,600
BANGUR,Delhi,ROHINI,DELHI,306584,28.811502,77.071076,1500
BANGUR,Delhi,ROHINI,DELHI,850362,28.687834,77.054382,200
BANGUR,Delhi,ROHINI,DELHI,838765,28.664382,77.071637,225
BANGUR,Delhi,ROHINI,DELHI,9340,28.682618,77.05589,4000
BANGUR,Delhi,ROHINI,DELHI,820266,28.772042,77.173301,200
BANGUR,Delhi,ROHINI,DELHI,853460,28.6725611,77.0687367,250
BANGUR,Delhi,ROHINI,DELHI,302701,28.663385,77.054568,450
BANGUR,Delhi,ROHINI,DELHI,886627,28.702634,77.12172,352
BANGUR,Delhi,ROHINI,DELHI,232448,28.702957,77.122542,4000
BANGUR,Delhi,ROHINI,DELHI,866352,28.757654,77.180392,500
BANGUR,Delhi,ROHINI,DELHI,309752,28.7817387,77.0969509,100
BANGUR,Delhi,ROHINI,DELHI,807061,28.743802,77.145615,300
BANGUR,Delhi,ROHINI,DELHI,845166,28.843843,77.089345,700
BANGUR,Delhi,ROHINI,DELHI,831935,28.854545,77.089019,700
BANGUR,Delhi,ROHINI,DELHI,806844,28.747328,77.179653,100
BANGUR,Delhi,ROHINI,DELHI,809516,28.749225,77.200414,80
BANGUR,Delhi,ROHINI,DELHI,820194,28.821812,77.170822,120
BANGUR,Delhi,ROHINI,DELHI,816512,28.771906,77.173241,200
BANGUR,Delhi,ROHINI,DELHI,857717,28.758272,77.185266,1200
BANGUR,Delhi,ROHINI,DELHI,831529,28.8575,77.1077749,150
BANGUR,Delhi,ROHINI,DELHI,829420,28.777864,77.044485,150
BANGUR,Delhi,ROHINI,DELHI,842355,28.852328,77.098028,60
BANGUR,Delhi,ROHINI,DELHI,260013,28.755879,77.152636,200
SHREE,Delhi,ROHINI,DELHI,888709,28.753115,77.075706,1800
SHREE,Delhi,ROHINI,DELHI,294831,28.712736,77.035341,1000
SHREE,Delhi,ROHINI,DELHI,1375,28.7254803,77.0882276,4500
SHREE,Delhi,ROHINI,DELHI,779900,28.7141,77.086834,250
SHREE,Delhi,ROHINI,DELHI,683345,28.699619,77.051686,1000
SHREE,Delhi,ROHINI,DELHI,861426,28.774301,77.100256,100
SHREE,Delhi,ROHINI,DELHI,718343,28.705439,77.098711,1000
SHREE,Delhi,ROHINI,DELHI,903650,28.69908166,77.13799858,100
SHREE,Delhi,ROHINI,DELHI,827421,28.73039939,77.11272411,150
SHREE,Delhi,ROHINI,DELHI,1200,28.716692,77.092379,7000
SHREE,Delhi,ROHINI,DELHI,1861,28.715564,77.089128,3000
SHREE,Delhi,ROHINI,DELHI,805710,28.847355,77.088125,50
SHREE,Delhi,ROHINI,DELHI,894677,28.703767,77.01318,800
SHREE,Delhi,ROHINI,DELHI,825284,28.708381,77.07575,9500
SHREE,Delhi,ROHINI,DELHI,200212,28.729937,77.087369,4600
SHREE,Delhi,ROHINI,DELHI,164364,28.61009,77.01854,1000
SHREE,Delhi,ROHINI,DELHI,779899,28.738472,77.12632186,150
SHREE,Delhi,ROHINI,DELHI,783452,28.794529,77.05185,100
SHREE,Delhi,ROHINI,DELHI,851845,28.64900126,77.02584294,100
SHREE,Delhi,ROHINI,DELHI,857232,28.73828073,77.08320802,125
SHREE,Delhi,ROHINI,DELHI,866970,28.682618,77.05589,4000
SHREE,Delhi,ROHINI,DELHI,801361,28.702102,77.056421,300
SHREE,Delhi,ROHINI,DELHI,880857,28.83878,77.081874,250
SHREE,Delhi,ROHINI,DELHI,299250,28.859946,77.08713,4000
SHREE,Delhi,ROHINI,DELHI,1932,28.848621,77.092866,1250
SHREE,Delhi,ROHINI,DELHI,290328,28.857348,77.107498,800
ROCKSTRONG,Delhi,ROHINI,DELHI,615659,28.753115,77.075706,1800
ROCKSTRONG,Delhi,ROHINI,DELHI,11792,28.73617,77.12519,250
ROCKSTRONG,Delhi,ROHINI,DELHI,312919,28.816917,77.05924,150
ROCKSTRONG,Delhi,ROHINI,DELHI,725397,28.705439,77.098711,1000
ROCKSTRONG,Delhi,ROHINI,DELHI,758272,28.778083,77.054689,700
ROCKSTRONG,Delhi,ROHINI,DELHI,11729,28.689498,77.130665,3500
ROCKSTRONG,Delhi,ROHINI,DELHI,173341,28.840164,77.082556,200
ROCKSTRONG,Delhi,ROHINI,DELHI,307837,28.795566,77.139368,250
ROCKSTRONG,Delhi,ROHINI,DELHI,847803,28.803575,77.0537272,50
ROCKSTRONG,Delhi,ROHINI,DELHI,698112,28.6824323,77.0579836,150
ROCKSTRONG,Delhi,ROHINI,DELHI,896458,28.710799,77.072713,250
ROCKSTRONG,Delhi,ROHINI,DELHI,889470,28.708381,77.07575,2000
ROCKSTRONG,Delhi,ROHINI,DELHI,832375,28.811502,77.071076,500
ROCKSTRONG,Delhi,ROHINI,DELHI,334357,28.7002491,77.0582628,1000
ROCKSTRONG,Delhi,ROHINI,DELHI,634885,28.6927353,77.0858617,350
ROCKSTRONG,Delhi,ROHINI,DELHI,683291,28.844446,77.089241,800
ROCKSTRONG,Delhi,ROHINI,DELHI,306497,28.8062522,77.051003,100
ROCKSTRONG,Delhi,ROHINI,DELHI,11796,28.7265312,77.0964462,100
ROCKSTRONG,Delhi,ROHINI,DELHI,847546,28.746733,77.094321,500
ROCKSTRONG,Delhi,ROHINI,DELHI,843584,28.702957,77.122542,4000
BANGUR,Delhi,SAKET,DELHI,90377,28.520217,77.205787,900
SHREE,Delhi,SARASWATI VIHAR,DELHI,288187,28.689498,77.130665,1800
SHREE,Delhi,SARASWATI VIHAR,DELHI,806987,28.689322,77.130174,250
SHREE,Delhi,SARITA VIHAR,DELHI,295042,28.4960534,77.3240858,250
SHREE,Delhi,SARITA VIHAR,DELHI,829031,28.5710545,77.2668008,1000
SHREE,Delhi,SARITA VIHAR,DELHI,834909,28.5837821,77.2478554,3000
SHREE,Delhi,SARITA VIHAR,DELHI,844887,28.5351381,77.2629875,200
SHREE,Delhi,SARITA VIHAR,DELHI,334403,28.5600653,77.2717642,75
SHREE,Delhi,SARITA VIHAR,DELHI,859846,28.5053734,77.3116215,4500
SHREE,Delhi,SARITA VIHAR,DELHI,895686,28.5080801,77.2323737,150
SHREE,Delhi,SARITA VIHAR,DELHI,1370,28.5105288,77.2297379,800
SHREE,Delhi,SARITA VIHAR,DELHI,858151,28.670913,77.307967,300
SHREE,Delhi,SARITA VIHAR,DELHI,799778,28.5175147,77.1783213,500
SHREE,Delhi,SARITA VIHAR,DELHI,634938,28.5802303,77.2488701,2000
SHREE,Delhi,SARITA VIHAR,DELHI,828575,28.5008113,77.2932828,700
SHREE,Delhi,SARITA VIHAR,DELHI,874183,28.4587575,77.1793262,500
SHREE,Delhi,SARITA VIHAR,DELHI,726410,28.594836,77.312136,150
SHREE,Delhi,SARITA VIHAR,DELHI,771567,28.5736253,77.2559612,50
SHREE,Delhi,SARITA VIHAR,DELHI,901650,28.533812,77.254208,25
SHREE,Delhi,SARITA VIHAR,DELHI,189750,28.491145,77.309916,200
SHREE,Delhi,SARITA VIHAR,DELHI,81977,28.616099,77.053488,300
SHREE,Delhi,SARITA VIHAR,DELHI,835139,28.5748479,77.2227379,750
SHREE,Delhi,SARITA VIHAR,DELHI,1922,28.662678,77.146658,400
SHREE,Delhi,SARITA VIHAR,DELHI,839017,28.556088,77.174104,2800
SHREE,Delhi,SARITA VIHAR,DELHI,654968,28.539712,77.230492,3000
SHREE,Delhi,SARITA VIHAR,DELHI,295005,28.694864,77.059668,75
SHREE,Delhi,SARITA VIHAR,DELHI,858154,28.670913,77.307967,200
SHREE,Delhi,SARITA VIHAR,DELHI,874350,28.5349,77.267988,150
SHREE,Delhi,SARITA VIHAR,DELHI,310480,28.5666972,77.2840159,1000
BANGUR,Delhi,SARITA VIHAR,DELHI,619639,28.550997,77.295758,1500
BANGUR,Delhi,SARITA VIHAR,DELHI,857807,28.5102495,77.2985884,1200
BANGUR,Delhi,SARITA VIHAR,DELHI,307191,28.5583429,77.294152,500
BANGUR,Delhi,SARITA VIHAR,DELHI,805472,28.5101237,77.3373691,300
BANGUR,Delhi,SARITA VIHAR,DELHI,888293,28.503845,77.183744,1500
BANGUR,Delhi,SARITA VIHAR,DELHI,836667,28.532668,77.314059,250
BANGUR,Delhi,SARITA VIHAR,DELHI,824366,28.496142,77.324367,300
BANGUR,Delhi,SARITA VIHAR,DELHI,9397,28.534143,77.277679,50
BANGUR,Delhi,SARITA VIHAR,DELHI,877045,28.540218,77.13088,250
BANGUR,Delhi,SARITA VIHAR,DELHI,300156,28.4927224,77.3099708,200
ROCKSTRONG,Delhi,SARITA VIHAR,DELHI,871279,28.4993862,77.1441342,450
ROCKSTRONG,Delhi,SARITA VIHAR,DELHI,685140,28.5013856,77.1827683,600
ROCKSTRONG,Delhi,SARITA VIHAR,DELHI,306132,28.5254846,77.1384496,125
ROCKSTRONG,Delhi,SARITA VIHAR,DELHI,836825,28.5101237,77.3373691,300
ROCKSTRONG,Delhi,SARITA VIHAR,DELHI,898803,28.55552954,77.28468139,75
ROCKSTRONG,Delhi,SARITA VIHAR,DELHI,253134,28.55379792,77.17799359,50
ROCKSTRONG,Delhi,SARITA VIHAR,DELHI,893955,28.50873568,77.20100527,350
ROCKSTRONG,Delhi,SARITA VIHAR,DELHI,856163,28.5020417,77.1834883,700
ROCKSTRONG,Delhi,SARITA VIHAR,DELHI,308171,28.54539976,77.29414347,225
ROCKSTRONG,Delhi,SARITA VIHAR,DELHI,308596,28.5504542,77.29963,150
ROCKSTRONG,Delhi,SARITA VIHAR,DELHI,758246,28.4735364,77.1281699,200
ROCKSTRONG,Delhi,SARITA VIHAR,DELHI,872238,28.580617,77.2494061,2200
ROCKSTRONG,Delhi,SARITA VIHAR,DELHI,204034,28.5008113,77.2932828,700
ROCKSTRONG,Delhi,SARITA VIHAR,DELHI,758433,28.47197102,77.13121327,250
ROCKSTRONG,Delhi,SARITA VIHAR,DELHI,845160,28.5722872,77.2847261,150
SHREE,Delhi,SEEMAPURI,DELHI,669054,28.700176,77.298659,1000
BANGUR,Delhi,SEEMAPURI,DELHI,9345,28.669577,77.307722,125
BANGUR,Delhi,SEEMAPURI,DELHI,774703,28.69462,77.301476,4500
BANGUR,Delhi,SEEMAPURI,DELHI,844304,28.66638,77.30111,4000
BANGUR,Delhi,SEEMAPURI,DELHI,304445,28.688902,77.327217,500
BANGUR,Delhi,SEEMAPURI,DELHI,753934,28.67285,77.26761,50
BANGUR,Delhi,SEEMAPURI,DELHI,848343,28.675336,77.288627,90
BANGUR,Delhi,SEEMAPURI,DELHI,861645,28.667808,77.296128,125
BANGUR,Delhi,SEEMAPURI,DELHI,841015,28.6843,77.26859,175
BANGUR,Delhi,SEEMAPURI,DELHI,840329,28.676727,77.265228,225
BANGUR,Delhi,SEEMAPURI,DELHI,291475,28.7344,77.2637,600
BANGUR,Delhi,SEEMAPURI,DELHI,848987,28.66856,77.29781,700
BANGUR,Delhi,SHAHDRA,DELHI,848341,28.70835,77.26243,250
BANGUR,Delhi,SHAHDRA,DELHI,878577,28.702746,77.122908,150
SHREE,Delhi,SHAHDRA,DELHI,900537,28.68277087,77.2914892,500
SHREE,Delhi,SHAHDRA,DELHI,688049,28.67014,77.30007,3500
SHREE,Delhi,SHAHDRA,DELHI,297188,28.666789,77.320291,300
SHREE,Delhi,SHAHDRA,DELHI,896501,28.6853,77.2919,500
SHREE,Delhi,SHAHDRA,DELHI,898413,28.6559509,77.2822207,500
SHREE,Delhi,SHAHDRA,DELHI,707074,28.678664,77.279737,300
SHREE,Delhi,SHAHDRA,DELHI,312681,28.70333,77.26754,200
SHREE,Delhi,SHAHDRA,DELHI,683409,28.677089,77.321168,450
SHREE,Delhi,SHAHDRA,DELHI,850446,28.650156,77.278567,350
SHREE,Delhi,SHAHDRA,DELHI,783698,28.832396,77.093516,200
SHREE,Delhi,SHAHDRA,DELHI,888252,28.6403109,77.2323894,900
SHREE,Delhi,SHAHDRA,DELHI,904062,28.643963,77.210732,200
SHREE,Delhi,SHAHDRA,DELHI,896345,28.658017,77.182206,50
SHREE,Delhi,SHAHDRA,DELHI,772781,28.6985142,77.1318729,1500
SHREE,Delhi,SHAHDRA,DELHI,800810,28.6050468,77.3085456,2000
SHREE,Delhi,SHAHDRA,DELHI,806865,28.690336,77.274722,1000
SHREE,Delhi,SHAHDRA,DELHI,858960,28.665187,77.206313,100
SHREE,Delhi,SHAHDRA,DELHI,1184,28.650492,77.30521,200
SHREE,Delhi,SHAHDRA,DELHI,757001,28.6923645,77.176788,100
ROCKSTRONG,Delhi,SHAHDARA,DELHI,845833,28.664252,77.283241,6800
ROCKSTRONG,Delhi,SHAHDRA,DELHI,226327,28.6638753,77.2608322,150
ROCKSTRONG,Delhi,SHAHDRA,DELHI,888702,28.6669752,77.3088566,3500
ROCKSTRONG,Delhi,SHAHDRA,DELHI,784779,28.669456,77.276103,300
ROCKSTRONG,Delhi,SHAHDRA,DELHI,292607,28.671187,77.280122,150
ROCKSTRONG,Delhi,SHAHDRA,DELHI,313099,28.651548,77.290338,200
ROCKSTRONG,Delhi,VASANT VIHAR,DELHI,107579,28.51976979,77.17116888,100
SHREE,Delhi,VASANT VIHAR,DELHI,196291,28.528944,77.1521114,700
BANGUR,Delhi,YAMUNA VIHAR,DELHI,831648,28.689238,77.256086,200
ROCKSTRONG,Delhi,YAMUNA VIHAR,DELHI,294372,28.703153,77.264996,600
BANGUR,Telangana,AMBERPET,HYDERABAD,830837,17.4901855,78.5409161,1000
BANGUR,Telangana,AMEERPET,HYDERABAD,896981,17.4464711,78.449206,300
SHREE,Telangana,AMEERPET,HYDERABAD,861626,17.4465,78.4489,300
SHREE,Telangana,AMEERPET,HYDERABAD,883172,17.453917,78.4303708,350
SHREE,Telangana,AMEERPET,HYDERABAD,888070,17.46626,78.42112,300
BANGUR,Telangana,ASIF NAGAR,HYDERABAD,858518,17.3903339,78.45030502,500
SHREE,Telangana,ASIFNAGAR,HYDERABAD,805700,17.38321421,78.44812964,300
SHREE,Telangana,ASIFNAGAR,HYDERABAD,808280,17.37483647,78.44274487,300
SHREE,Telangana,BAHADURPURA,HYDERABAD,777818,17.3640096,78.46440017,800
SHREE,Telangana,BAHADURPURA,HYDERABAD,779364,17.3453382,78.4584006,1500
SHREE,Telangana,BAHADURPURA,HYDERABAD,796978,17.3581404,78.448266,900
SHREE,Telangana,BAHADURPURA,HYDERABAD,797425,17.3624596,78.4327454,700
SHREE,Telangana,BAHADURPURA,HYDERABAD,836693,17.3901,78.4933,300
BANGUR,Telangana,BANDLAGUDA,HYDERABAD,823537,17.35756155,78.38652742,700
BANGUR,Telangana,BANDLAGUDA,HYDERABAD,864907,17.29599126,78.47646296,300
SHREE,Telangana,BANDLAGUDA,HYDERABAD,777824,17.369709,78.573689,750
SHREE,Telangana,BANDLAGUDA,HYDERABAD,779002,17.3409667,78.4794707,300
SHREE,Telangana,BANDLAGUDA,HYDERABAD,798779,17.3285255,78.479741,300
SHREE,Telangana,CHARMINAR,HYDERABAD,860771,17.3335171,78.470651,300
SHREE,Telangana,CHARMINAR,HYDERABAD,896495,17.36492383,78.49799692,300
BANGUR,Telangana,CHARMINAR,HYDERABAD,869999,17.34171758,78.48897073,500
BANGUR,Telangana,CHARMINAR,HYDERABAD,887677,17.36525431,78.49775371,600
SHREE,Telangana,GOLCONDA,HYDERABAD,805698,17.37739201,78.42020928,300
SHREE,Telangana,GOLCONDA,HYDERABAD,820557,17.4350716,78.675105,400
SHREE,Telangana,GOLCONDA,HYDERABAD,860773,17.39250327,78.39216369,300
SHREE,Telangana,GOLCONDA,HYDERABAD,897847,17.4007131,78.3722928,300
SHREE,Telangana,HIMAYATHNAGAR,HYDERABAD,799668,17.39485,78.5013,300
BANGUR,Telangana,HIMAYATNAGAR,HYDERABAD,891198,17.3996752,78.498159,500
BANGUR,Telangana,HYDERABAD,HYDERABAD,821776,17.33777663,78.54938391,7000
BANGUR,Telangana,HYDERABAD,HYDERABAD,826123,17.38554176,78.50445743,1500
BANGUR,Telangana,HYDERABAD,HYDERABAD,825835,17.4538551,78.41351896,3000
BANGUR,Telangana,HYDERABAD,HYDERABAD,826614,17.34440133,78.47821341,600
BANGUR,Telangana,HYDERABAD,HYDERABAD,826617,17.33791196,78.5291294,700
BANGUR,Telangana,HYDERABAD,HYDERABAD,826800,17.453779,78.4211525,1500
BANGUR,Telangana,HYDERABAD,HYDERABAD,826957,17.37455607,78.49697546,400
BANGUR,Telangana,HYDERABAD,HYDERABAD,832174,17.36134565,78.40585028,300
BANGUR,Telangana,HYDERABAD,HYDERABAD,832175,17.3871711,78.3428735,700
BANGUR,Telangana,HYDERABAD,HYDERABAD,834305,17.48641301,78.39350448,500
BANGUR,Telangana,HYDERABAD,HYDERABAD,835501,17.35935412,78.47933032,1000
BANGUR,Telangana,HYDERABAD,HYDERABAD,859935,17.52523858,78.44269528,400
BANGUR,Telangana,HYDERABAD,HYDERABAD,865181,17.35544,78.52152,500
BANGUR,Telangana,HYDERABAD,HYDERABAD,881723,17.30305368,78.46612722,500
BANGUR,Telangana,HYDERABAD,HYDERABAD,892103,17.35756155,78.38652742,300
BANGUR,Telangana,HYDERABAD,HYDERABAD,898807,17.345481,78.451479,400
BANGUR,Telangana,HYDERABAD,HYDERABAD,902348,17.29599126,78.47646296,3000
BANGUR,Telangana,HYDERABAD,HYDERABAD,903080,17.381769,78.461716,800
BANGUR,Telangana,HYDERABAD,HYDERABAD,906071,17.32912,78.425497,300
SHREE,Telangana,HYDERABAD,HYDERABAD,779006,17.3310414,78.4863838,800
SHREE,Telangana,HYDERABAD,HYDERABAD,779010,17.38454164,78.43942589,1500
SHREE,Telangana,HYDERABAD,HYDERABAD,796979,17.3258711,78.4772991,1500
SHREE,Telangana,HYDERABAD,HYDERABAD,803237,17.3183305,78.466921,1500
SHREE,Telangana,HYDERABAD,HYDERABAD,805348,17.3604678,78.3966052,300
SHREE,Telangana,HYDERABAD,HYDERABAD,805347,17.37412575,78.49404942,300
SHREE,Telangana,HYDERABAD,HYDERABAD,808281,17.347534,78.4852034,300
SHREE,Telangana,HYDERABAD,HYDERABAD,816716,17.469,78.4175,500
SHREE,Telangana,HYDERABAD,HYDERABAD,817234,17.3545285,78.48096371,300
SHREE,Telangana,HYDERABAD,HYDERABAD,820561,17.2983304,78.4768411,300
SHREE,Telangana,HYDERABAD,HYDERABAD,822368,17.3252745,78.4337506,300
SHREE,Telangana,HYDERABAD,HYDERABAD,824105,17.37366521,78.41670767,300
SHREE,Telangana,HYDERABAD,HYDERABAD,827559,17.39681,78.51164,1500
SHREE,Telangana,HYDERABAD,HYDERABAD,841197,17.37678602,78.43073969,400
SHREE,Telangana,HYDERABAD,HYDERABAD,846276,17.4695,78.4934,300
SHREE,Telangana,HYDERABAD,HYDERABAD,847513,17.489,78.3827,600
SHREE,Telangana,HYDERABAD,HYDERABAD,874718,17.3894,78.4639,300
SHREE,Telangana,HYDERABAD,HYDERABAD,889398,17.3269622,78.4755204,300
SHREE,Telangana,HYDERABAD,HYDERABAD,891121,17.37203916,78.462472,300
BANGUR,Telangana,KHAIRATABAD,HYDERABAD,836092,17.448643,78.4175965,800
SHREE,Telangana,KHAIRATABAD,HYDERABAD,799171,17.44198,78.43003,500
BANGUR,Telangana,KHAIRTABAD,HYDERABAD,852366,17.4113208,78.42732315,500
SHREE,Telangana,KHAIRTABAD,HYDERABAD,805919,17.40995,78.43879,300
BANGUR,Telangana,MAREDPALLE,HYDERABAD,821787,17.38968696,78.45519436,2500
BANGUR,Telangana,MUSHEERABAD,HYDERABAD,826126,17.31121744,78.47548566,300
BANGUR,Telangana,MUSHEERABAD,HYDERABAD,853417,17.44316561,78.51980341,300
SHREE,Telangana,MUSHEERABAD,HYDERABAD,783466,17.36957,78.51147,350
SHREE,Telangana,MUSHEERABAD,HYDERABAD,822427,17.393,78.473,500
SHREE,Telangana,MUSHEERABAD,HYDERABAD,883161,17.54723966,78.21820508,1200
SHREE,Telangana,NAMPALLY,HYDERABAD,777817,17.3882,78.4645,5000
SHREE,Telangana,SAIDABAD,HYDERABAD,824942,17.36833534,78.48581539,300
BANGUR,Telangana,SAIDHABAD,HYDERABAD,856105,17.2875646,78.47251027,1000
BANGUR,Telangana,SAIDHABAD,HYDERABAD,867814,17.37994,78.51391,1000
BANGUR,Telangana,SAIDHABAD,HYDERABAD,826538,17.36193341,78.50729117,800
BANGUR,Telangana,SECUNDERABAD,HYDERABAD,826127,17.44017899,78.48597214,300
SHREE,Telangana,SECUNDERABAD,HYDERABAD,779011,17.4264,78.51542,300
SHREE,Telangana,SECUNDERABAD,HYDERABAD,882595,17.43550939,78.45641083,550
SHREE,Telangana,SECUNDERABAD,HYDERABAD,899803,17.4381,78.5408,300
BANGUR,Telangana,SECUNDERABAD,HYDERABAD,826127,17.44017899,78.48597214,300
SHREE,Telangana,SECUNDERABAD,HYDERABAD,779011,17.4264,78.51542,300
SHREE,Telangana,SECUNDERABAD,HYDERABAD,882595,17.43550939,78.45641083,550
SHREE,Telangana,SECUNDERABAD,HYDERABAD,899803,17.4381,78.5408,300
BANGUR,Telangana,SHAIKPET,HYDERABAD,839258,17.4346433,78.4003499,1500
BANGUR,Telangana,SHAIKPET,HYDERABAD,881345,17.4065527,78.3902729,400
SHREE,Telangana,ABDULLAPURMET,K.V.RANGAREDDY,877716,17.304837,78.687177,300
BANGUR,Telangana,ABUDULLAPUR,K.V.RANGAREDDY,842958,17.30276901,78.60878007,300
BANGUR,Telangana,ABUDULLAPUR,K.V.RANGAREDDY,893870,17.26959,78.58862,600
BANGUR,Telangana,BALANAGAR,K.V.RANGAREDDY,882287,17.4567334,78.4084817,300
SHREE,Telangana,BALANAGAR,K.V.RANGAREDDY,882596,17.45364885,78.42247293,800
SHREE,Telangana,BALAPUR,K.V.RANGAREDDY,820091,17.3200984,78.492569,500
SHREE,Telangana,BALAPUR,K.V.RANGAREDDY,878160,17.288579,78.535819,300
SHREE,Telangana,BALAPUR,K.V.RANGAREDDY,889396,17.299571,78.530168,300
SHREE,Telangana,BN REDDY NAGAR,K.V.RANGAREDDY,779024,17.316674,78.55377,400
SHREE,Telangana,CHEVELLA,K.V.RANGAREDDY,877888,17.30604453,78.142927,300
SHREE,Telangana,CHOWDARIGUDEM,K.V.RANGAREDDY,890511,17.10969393,77.99758624,300
SHREE,Telangana,GANDIPETA,K.V.RANGAREDDY,887279,17.369763,78.3862027,300
SHREE,Telangana,HAYATHNAGAR,K.V.RANGAREDDY,777488,17.314954,78.552609,1500
SHREE,Telangana,HAYATHNAGAR,K.V.RANGAREDDY,777951,17.328832,78.598239,1100
SHREE,Telangana,HAYATHNAGAR,K.V.RANGAREDDY,779360,17.32345,78.565246,300
SHREE,Telangana,HAYATHNAGAR,K.V.RANGAREDDY,782151,17.30313,78.551054,1100
SHREE,Telangana,HAYATHNAGAR,K.V.RANGAREDDY,808850,17.305131,78.60846,300
SHREE,Telangana,HAYATHNAGAR,K.V.RANGAREDDY,814426,17.311547,78.584174,300
SHREE,Telangana,HAYATHNAGAR,K.V.RANGAREDDY,841486,17.31864,78.560887,300
SHREE,Telangana,HAYATHNAGAR,K.V.RANGAREDDY,855499,17.320029,78.615393,650
SHREE,Telangana,HAYATHNAGAR,K.V.RANGAREDDY,866018,17.320148,78.613633,300
SHREE,Telangana,HAYATHNAGAR,K.V.RANGAREDDY,877712,17.330477,78.592541,300
SHREE,Telangana,HAYATHNAGAR,K.V.RANGAREDDY,897851,17.249961,78.585597,400
BANGUR,Telangana,HAYATHNAGAR,K.V.RANGAREDDY,839371,17.32759258,78.60105891,800
BANGUR,Telangana,HAYATHNAGAR,K.V.RANGAREDDY,856902,17.34027954,78.62615793,400
BANGUR,Telangana,HAYATHNAGAR,K.V.RANGAREDDY,869461,17.25330544,78.58308547,300
BANGUR,Telangana,HAYATHNAGAR,K.V.RANGAREDDY,877217,17.31961859,78.64229847,500
BANGUR,Telangana,IBRAHIMPATNAM,K.V.RANGAREDDY,833448,17.18016,78.65199,400
BANGUR,Telangana,IBRAHIMPATNAM,K.V.RANGAREDDY,902506,17.23189,78.58873,400
BANGUR,Telangana,IBRAHIMPATNAM,K.V.RANGAREDDY,901008,17.30827,78.475505,400
SHREE,Telangana,IBRAHIMPATNAM,K.V.RANGAREDDY,824427,17.234906,78.561321,300
SHREE,Telangana,IBRAHIMPATNAM,K.V.RANGAREDDY,779362,17.185208,78.65025,400
SHREE,Telangana,KANDUKUR,K.V.RANGAREDDY,826773,17.0717125,78.4768974,300
BANGUR,Telangana,KANDUKUR,K.V.RANGAREDDY,880237,16.98200599,78.50263146,400
SHREE,Telangana,KEESARA,K.V.RANGAREDDY,874353,17.48276,78.59128,350
SHREE,Telangana,KONDURG,K.V.RANGAREDDY,848900,17.0933639,78.03715901,300
SHREE,Telangana,KONDURG,K.V.RANGAREDDY,864319,17.08694218,77.99304886,300
BANGUR,Telangana,KOTHUR,K.V.RANGAREDDY,831520,17.20956879,78.27354845,300
BANGUR,Telangana,MAHESWARAM,K.V.RANGAREDDY,854445,17.20924316,78.47610313,400
BANGUR,Telangana,MAHESWARAM,K.V.RANGAREDDY,868510,17.13242,78.42788,500
BANGUR,Telangana,MAHESWARAM,K.V.RANGAREDDY,892537,17.20977641,78.47666414,2000
SHREE,Telangana,MAHESWARAM,K.V.RANGAREDDY,896277,17.1388,78.3929,300
BANGUR,Telangana,MANCHAL,K.V.RANGAREDDY,830953,17.48843,78.32283291,300
SHREE,Telangana,MANIKONDA,K.V.RANGAREDDY,820337,17.40743,78.38581,300
SHREE,Telangana,MANIKONDA,K.V.RANGAREDDY,841398,17.40076,78.38869,300
SHREE,Telangana,MANIKONDA,K.V.RANGAREDDY,883164,17.54809404,78.22299122,300
SHREE,Telangana,MOINABAD,K.V.RANGAREDDY,835916,17.41355,78.26538,300
SHREE,Telangana,MOINABAD,K.V.RANGAREDDY,838404,17.3301796,78.2714984,300
SHREE,Telangana,MOINABAD,K.V.RANGAREDDY,886197,17.314441,78.256151,300
BANGUR,Telangana,MOINABAD,K.V.RANGAREDDY,888002,17.3449115,78.3257781,300
BANGUR,Telangana,QUTUBULLAPUR,K.V.RANGAREDDY,824747,17.49882,78.43486432,500
BANGUR,Telangana,QUTUBULLAPUR,K.V.RANGAREDDY,830711,17.55425207,78.36199728,500
BANGUR,Telangana,RAJENDRANAGAR,K.V.RANGAREDDY,827670,17.35681752,78.43867418,800
BANGUR,Telangana,RAJENDRANAGAR,K.V.RANGAREDDY,828149,17.31536326,78.44906239,800
BANGUR,Telangana,RAJENDRANAGAR,K.V.RANGAREDDY,828974,17.35531039,78.44320068,2000
SHREE,Telangana,RAJENDRANAGAR,K.V.RANGAREDDY,777816,17.3445858,78.4167811,600
SHREE,Telangana,RAJENDRANAGAR,K.V.RANGAREDDY,779007,17.3032374,78.449834,800
SHREE,Telangana,RAJENDRANAGAR,K.V.RANGAREDDY,796977,17.3132549,78.4417178,300
SHREE,Telangana,RAJENDRANAGAR,K.V.RANGAREDDY,798506,17.3134271,78.4445988,400
SHREE,Telangana,RAJENDRANAGAR,K.V.RANGAREDDY,820336,17.38383,78.36322,350
SHREE,Telangana,RAJENDRANAGAR,K.V.RANGAREDDY,820559,17.3281311,78.4566565,400
SHREE,Telangana,RAJENDRANAGAR,K.V.RANGAREDDY,829199,17.3384455,78.3722091,300
SHREE,Telangana,RAJENDRANAGAR,K.V.RANGAREDDY,832541,17.44014,78.32989,300
SHREE,Telangana,RAJENDRANAGAR,K.V.RANGAREDDY,857008,17.3243806,78.432769,300
SHREE,Telangana,RAJENDRANAGAR,K.V.RANGAREDDY,857413,17.3633928,78.4277509,300
SHREE,Telangana,RAJENDRANAGAR,K.V.RANGAREDDY,861428,17.2938608,78.4412935,300
SHREE,Telangana,RAJENDRANAGAR,K.V.RANGAREDDY,881452,17.40072,78.3723,300
SHREE,Telangana,RAJENDRANAGAR,K.V.RANGAREDDY,900906,17.38341,78.409524,400
SHREE,Telangana,RAMACHANDRAPURAM,K.V.RANGAREDDY,777823,17.51088591,78.29495384,400
SHREE,Telangana,RAMACHANDRAPURAM,K.V.RANGAREDDY,777952,17.50765677,78.30199484,400
BANGUR,Telangana,SAROORNAGAR,K.V.RANGAREDDY,834151,17.28427751,78.53708533,300
BANGUR,Telangana,SAROORNAGAR,K.V.RANGAREDDY,865321,17.28574148,78.45088524,300
BANGUR,Telangana,SAROORNAGAR,K.V.RANGAREDDY,865658,17.29028422,78.49337274,300
BANGUR,Telangana,SAROORNAGAR,K.V.RANGAREDDY,867813,17.34263,78.51566,300
BANGUR,Telangana,SAROORNAGAR,K.V.RANGAREDDY,867871,17.33606289,78.55218673,2000
BANGUR,Telangana,SAROORNAGAR,K.V.RANGAREDDY,885527,17.24053,78.36116,300
BANGUR,Telangana,SAROORNAGAR,K.V.RANGAREDDY,893871,17.32862,78.54368,500
BANGUR,Telangana,SAROORNAGAR,K.V.RANGAREDDY,894842,17.36867854,78.3976289,500
SHREE,Telangana,SAROORNAGAR,K.V.RANGAREDDY,777486,17.351027,78.553862,350
SHREE,Telangana,SAROORNAGAR,K.V.RANGAREDDY,777489,17.33957,78.525209,400
SHREE,Telangana,SAROORNAGAR,K.V.RANGAREDDY,777821,17.344934,78.526955,8000
SHREE,Telangana,SAROORNAGAR,K.V.RANGAREDDY,779022,17.340192,78.565478,800
SHREE,Telangana,SAROORNAGAR,K.V.RANGAREDDY,805918,17.324941,78.537941,500
SHREE,Telangana,SAROORNAGAR,K.V.RANGAREDDY,807124,17.36164,78.544366,500
SHREE,Telangana,SAROORNAGAR,K.V.RANGAREDDY,820335,17.335282,78.526539,1000
SHREE,Telangana,SAROORNAGAR,K.V.RANGAREDDY,820562,17.2907879,78.497287,300
SHREE,Telangana,SAROORNAGAR,K.V.RANGAREDDY,841485,17.349099,78.497989,400
SHREE,Telangana,SAROORNAGAR,K.V.RANGAREDDY,888803,17.3064532,78.4747799,300
SHREE,Telangana,SERILINGAMPALLY,K.V.RANGAREDDY,777953,17.441664,78.305194,300
SHREE,Telangana,SERILINGAMPALLY,K.V.RANGAREDDY,782460,17.4697449,78.3630673,1200
SHREE,Telangana,SERILINGAMPALLY,K.V.RANGAREDDY,796670,17.45045,78.36482,300
SHREE,Telangana,SERILINGAMPALLY,K.V.RANGAREDDY,796976,17.45859,78.39726,300
SHREE,Telangana,SERILINGAMPALLY,K.V.RANGAREDDY,818480,17.49308438,78.34130108,300
SHREE,Telangana,SERILINGAMPALLY,K.V.RANGAREDDY,819368,17.5121,78.3504,1000
SHREE,Telangana,SERILINGAMPALLY,K.V.RANGAREDDY,820558,18.18006,78.15851,300
SHREE,Telangana,SERILINGAMPALLY,K.V.RANGAREDDY,821185,17.4316797,78.322746,300
SHREE,Telangana,SERILINGAMPALLY,K.V.RANGAREDDY,834381,17.47281,78.3611,300
SHREE,Telangana,SERILINGAMPALLY,K.V.RANGAREDDY,841800,17.51036365,78.37289381,300
SHREE,Telangana,SERILINGAMPALLY,K.V.RANGAREDDY,843687,17.49959,78.317766,400
SHREE,Telangana,SERILINGAMPALLY,K.V.RANGAREDDY,847523,17.4708579,78.3488861,300
SHREE,Telangana,SERILINGAMPALLY,K.V.RANGAREDDY,857787,17.47548,78.36119,900
SHREE,Telangana,SERILINGAMPALLY,K.V.RANGAREDDY,875888,17.45553,78.3936,300
SHREE,Telangana,SERILINGAMPALLY,K.V.RANGAREDDY,876994,17.4354056,78.3350332,300
SHREE,Telangana,SERILINGAMPALLY,K.V.RANGAREDDY,881451,17.4953,78.3303,300
SHREE,Telangana,SERILINGAMPALLY,K.V.RANGAREDDY,883494,17.4810648,78.34950719,300
SHREE,Telangana,SERILINGAMPALLY,K.V.RANGAREDDY,777482,17.44127,78.39212,900
BANGUR,Telangana,SERILINGAMPALLY,K.V.RANGAREDDY,826162,17.38659386,78.42980476,1000
BANGUR,Telangana,SERILINGAMPALLY,K.V.RANGAREDDY,828192,17.474,78.37154204,400
BANGUR,Telangana,SERILINGAMPALLY,K.V.RANGAREDDY,830736,17.4025597,78.3817532,700
BANGUR,Telangana,SERILINGAMPALLY,K.V.RANGAREDDY,832159,17.49882,78.34873,500
BANGUR,Telangana,SERILINGAMPALLY,K.V.RANGAREDDY,844267,17.50353,78.362,3000
BANGUR,Telangana,SERILINGAMPALLY,K.V.RANGAREDDY,862454,17.4785406,78.3619638,300
BANGUR,Telangana,SERILINGAMPALLY,K.V.RANGAREDDY,869533,17.48273096,78.38879688,500
BANGUR,Telangana,SERILINGAMPALLY,K.V.RANGAREDDY,876259,17.4513635,78.30810172,500
BANGUR,Telangana,SERILINGAMPALLY,K.V.RANGAREDDY,888003,17.33649104,78.32713823,400
BANGUR,Telangana,SHABAD,K.V.RANGAREDDY,872802,17.2344579,78.14137332,300
SHREE,Telangana,SHABAD,K.V.RANGAREDDY,878489,17.2289613,78.1332269,300
BANGUR,Telangana,SHADNAGAR,K.V.RANGAREDDY,824960,15.98236741,77.74358965,300
BANGUR,Telangana,SHADNAGAR,K.V.RANGAREDDY,825176,17.5450109,78.21744599,300
BANGUR,Telangana,SHADNAGAR,K.V.RANGAREDDY,826288,17.07289292,78.20258952,1000
BANGUR,Telangana,SHADNAGAR,K.V.RANGAREDDY,839530,17.06616483,78.20456362,300
BANGUR,Telangana,SHADNAGAR,K.V.RANGAREDDY,890756,17.06559047,78.20284701,300
BANGUR,Telangana,SHAMSHABAD,K.V.RANGAREDDY,827113,17.30434799,78.06080977,300
BANGUR,Telangana,SHAMSHABAD,K.V.RANGAREDDY,853653,17.264422,78.371524,500
SHREE,Telangana,SHAMSHABAD,K.V.RANGAREDDY,779003,17.2619,78.388,300
SHREE,Telangana,SHAMSHABAD,K.V.RANGAREDDY,821451,17.2657478,78.3737538,350
SHREE,Telangana,SHANKARPALLE,K.V.RANGAREDDY,804364,17.46196384,78.13269771,300
SHREE,Telangana,SHANKARPALLE,K.V.RANGAREDDY,806211,17.43242,78.18855,300
SHREE,Telangana,SHANKARPALLE,K.V.RANGAREDDY,884164,17.3916357,78.5383549,300
SHREE,Telangana,SHANKARPALLE,K.V.RANGAREDDY,900736,17.45577764,78.11455286,300
BANGUR,Telangana,SHANKARPALLE,K.V.RANGAREDDY,874726,17.45349965,78.13116875,300
BANGUR,Telangana,SHANKARPALLE,K.V.RANGAREDDY,884091,20.68302988,79.44567787,300
BANGUR,Telangana,YACHARAM,K.V.RANGAREDDY,894314,16.97277,78.73008,300
